,app_id,url,prediction,reason
0,com.easy.currency.pro,https://play.google.com/store/apps/details?id=com.easy.currency.pro&hl=en&gl=us,suspected,"User reviews report unresolved issues with ads after purchase and chart malfunctions. The developer's website is rudimentary and links to another app, raising concerns about legitimacy. Duplicate reviews further suggest potential manipulation, despite the app description and permissions appearing genuine."
1,com.landrecord.anyrorgujrat,https://play.google.com/store/apps/details?id=com.landrecord.anyrorgujrat&hl=en&gl=us,suspected,"Multiple analyses raise concerns: repetitive reviews suggest manipulation, the developer's website and email lack credibility, the app's category is misleading, and unnecessary permissions point to potential background activity. While it provides land record info, the overall profile is suspicious."
2,com.taptapsend,https://play.google.com/store/apps/details?id=com.taptapsend&hl=en&gl=us,suspected,"While the app description, images, and developer information appear genuine, some reviews are suspicious, and the requested permissions (contacts, storage, camera, NFC) seem excessive for a money transfer app, warranting further investigation."
3,com.cleevio.spendee,https://play.google.com/store/apps/details?id=com.cleevio.spendee&hl=en&gl=us,suspected,"Reviews indicate issues with core functionality (bank sync), and some are short/generic. Permissions to modify contacts and USB storage are excessive for a budgeting app, raising privacy concerns despite a seemingly legitimate app description and developer profile."
4,com.phonepe.app,https://play.google.com/store/apps/details?id=com.phonepe.app&hl=en&gl=us,suspected,"While the app's core functionality and developer details appear genuine, suspicious review patterns (generic content, coordinated complaints, unusually high thumbsUpCount) and excessive permissions raise concerns about potential manipulation and privacy risks. Further investigation is warranted."
5,com.halal.stocks,https://play.google.com/store/apps/details?id=com.halal.stocks&hl=en&gl=us,suspected,"While other analyses appear genuine, the review analysis raises concerns due to generic reviews, repetition, and foreign language content without translation. This suggests potential manipulation to inflate the app's rating, warranting further investigation despite other indicators being normal."
6,com.kotak811mobilebankingapp.instantsavingsupiscanandpayrecharge,https://play.google.com/store/apps/details?id=com.kotak811mobilebankingapp.instantsavingsupiscanandpayrecharge&hl=en&gl=us,suspected,"The app has indicators of both genuine and potentially fraudulent activity. While developer info and description seem genuine, review patterns suggest manipulation, and excessive permissions raise privacy concerns. Further investigation is needed to confirm fraud."
7,net.taobits.officecalculator.android.pro,https://play.google.com/store/apps/details?id=net.taobits.officecalculator.android.pro&hl=en&gl=us,suspected,"While images, description, developer info, and permissions seem genuine, review analysis raises concerns due to duplicate reviews and users claiming usage for 'years'. This warrants further investigation despite other positive indicators."
8,com.cryptofarm,https://play.google.com/store/apps/details?id=com.cryptofarm&hl=en&gl=us,fraud,"Multiple user reviews report withdrawal issues, potential trojan virus in associated software, and claims of stolen funds. The app description makes unrealistic promises, and unnecessary permissions are requested. These factors strongly indicate fraudulent activity."
9,com.indianbank.creditcard,https://play.google.com/store/apps/details?id=com.indianbank.creditcard&hl=en&gl=us,suspected,"Review analysis shows suspicious patterns (generic/contradictory reviews, duplicates, irrelevant content, high thumbs up on negative reviews). The camera permission is questionable for a banking app without clear justification, raising privacy concerns. The app is published by the bank, but the review and permission issues warrant further investigation."
10,com.mb06.sainathmultistatecoop,https://play.google.com/store/apps/details?id=com.mb06.sainathmultistatecoop&hl=en&gl=us,suspected,"While screenshots appear genuine, the developer's website is null, privacy policy is generic, and email domain is inconsistent. The app requests precise location and camera permissions, raising concerns about data handling and potential misuse, making fraud a possibility."
11,com.intellectsoftwares.plcapital,https://play.google.com/store/apps/details?id=com.intellectsoftwares.plcapital&hl=en&gl=us,suspected,Negative user reviews citing functionality issues and the app's request for potentially unnecessary permissions (modify/delete storage content and camera access) raise concerns despite the legitimate developer and app description. The combination suggests possible instability or misuse.
12,com.myairtelapp,https://play.google.com/store/apps/details?id=com.myairtelapp&hl=en&gl=us,suspected,"While the app itself appears legitimate based on its description, developer, and screenshots, the excessive permissions requested (calendar, contacts, location, SMS, microphone, camera) raise privacy concerns and potential for misuse, warranting further investigation."
13,com.sbi.SBIFreedomPlus,https://play.google.com/store/apps/details?id=com.sbi.SBIFreedomPlus&hl=en&gl=us,suspected,"While the app appears legitimate based on its description and branding, several factors raise suspicion. These include compatibility issues reported by users, potential review manipulation, a non-functional developer website, and the request for a broad range of sensitive permissions, including location, camera, microphone, and SMS access."
14,com.tradingview.tradingviewapp,https://play.google.com/store/apps/details?id=com.tradingview.tradingviewapp&hl=en&gl=us,suspected,"While the app's core functionality seems genuine, the '7V' logo discrepancy in screenshots, suspicious review patterns, unnecessary calendar permissions, and a future last updated date raise significant concerns about potential fraud or data misuse. Further investigation is recommended."
15,com.andromoney.pro,https://play.google.com/store/apps/details?id=com.andromoney.pro&hl=en&gl=us,suspected,"While the app presents a legitimate facade with a website and cross-platform availability, user reviews report syncing and data loss issues. Suspicious permissions like location and camera access, combined with a generic description, raise concerns about potential data misuse and misleading functionality."
16,com.beyondbudget,https://play.google.com/store/apps/details?id=com.beyondbudget&hl=en&gl=us,suspected,"The app exhibits several red flags: incentivized-like reviews, unnecessary location and camera permissions, and a future last updated date. While the app offers legitimate budgeting features, these issues raise concerns about potential data misuse or deceptive practices."
17,com.spaid,https://play.google.com/store/apps/details?id=com.spaid&hl=en&gl=us,suspected,"While the app offers a legitimate service, excessive permissions requests (contacts, location, SMS, camera) and suspicious review patterns (generic praises, potential incentivization, contradictory negative feedback) raise significant concerns about potential data misuse and deceptive practices."
18,com.annapurnapay.app,https://play.google.com/store/apps/details?id=com.annapurnapay.app&hl=en&gl=us,fraud,"Multiple analyses raise concerns. The developer analysis shows a contradiction with Annapurna Finance's official statement. Review analysis reveals suspicious patterns. Description analysis highlights unprofessional language and unnecessary permissions like SMS and camera access, collectively indicating fraudulent activity."
19,com.check.bank.balance.banking.tool,https://play.google.com/store/apps/details?id=com.check.bank.balance.banking.tool&hl=en&gl=us,suspected,"Multiple analyses raise concerns. Reviews are suspiciously positive, the developer's website is generic, the description makes unlikely claims and requests excessive permissions (SMS, Phone, Storage, modify system settings). These factors, taken together, suggest potential fraudulent activity."
20,com.coinlynetwork.coinly,https://play.google.com/store/apps/details?id=com.coinlynetwork.coinly&hl=en&gl=us,fraud,"Multiple red flags indicate potential fraud. Suspicious reviews, a questionable developer website, inconsistencies in the app description, and permissions commonly associated with crypto mining scams strongly suggest fraudulent activity."
21,morappsstore.bankingcalculatorpaid,https://play.google.com/store/apps/details?id=morappsstore.bankingcalculatorpaid&hl=en&gl=us,suspected,"Review analysis shows suspicious positive reviews despite reported issues. Permissions analysis reveals unnecessary storage access. While other analyses are genuine, these two points raise enough concern to suspect potential data harvesting or review manipulation."
22,com.mb06.shrivitthalmultistatecooperativecredit,https://play.google.com/store/apps/details?id=com.mb06.shrivitthalmultistatecooperativecredit&hl=en&gl=us,suspected,Multiple analyses indicate potential fraud. Review analysis shows suspicious repeated reviews. Developer analysis reveals a missing website and questionable privacy policy. Description analysis shows excessive permissions. Permissions analysis confirms unnecessary access requests. These combined raise significant concerns.
23,com.wyvern.quokka,https://play.google.com/store/apps/details?id=com.wyvern.quokka&hl=en&gl=us,suspected,"While image, review, description, and permissions analyses are genuine, the developer analysis raises concerns. The developer listed differs from the company mentioned in the app description, and the developer's website is null, suggesting potential inconsistencies or misrepresentation."
24,com.chirag.indiapay,https://play.google.com/store/apps/details?id=com.chirag.indiapay&hl=en&gl=us,suspected,"Multiple analyses raise concerns: suspicious repeated positive reviews, unverified partner claims and a generic email domain for the developer, and unjustified storage permissions. While the app offers financial services, these red flags warrant further investigation before deeming it genuine."
25,com.sked.rewardconverterredeempoint,https://play.google.com/store/apps/details?id=com.sked.rewardconverterredeempoint&hl=en&gl=us,fraud,"Multiple analyses indicate fraudulent activity. The app circumvents Google Play's intended use by converting points to cash, has conflicting reviews suggesting scams, developer inconsistencies, and suspicious permissions for background data collection, making it likely fraudulent."
26,com.emicalculator.loancalculator.calculator.app,https://play.google.com/store/apps/details?id=com.emicalculator.loancalculator.calculator.app&hl=en&gl=us,suspected,"Multiple red flags: suspicious repeated reviews, an unprofessional developer website and privacy policy, and unnecessary permissions like 'run at startup' and 'prevent device from sleeping' raise concerns about potential malicious activity or data harvesting."
27,com.app.quickrewardz,https://play.google.com/store/apps/details?id=com.app.quickrewardz&hl=en&gl=us,fraud,"Multiple analyses raise significant concerns: repeated reviews suggest manipulation, mismatched screenshots indicate potential discrepancies, the developer's website shows unusual country code usage, and the app requests excessive storage permissions. The future release date and reward-based model further strengthen the likelihood of fraudulent activity."
28,com.bankofbaroda.mconnect,https://play.google.com/store/apps/details?id=com.bankofbaroda.mconnect&hl=en&gl=us,suspected,"Multiple reviews appear inauthentic and overly positive, resembling marketing content. The app requests excessive permissions, including access to running apps and drawing over other apps, raising privacy and security concerns despite being from a reputable bank."
29,com.valdio.valdioveliu.daftar,https://play.google.com/store/apps/details?id=com.valdio.valdioveliu.daftar&hl=en&gl=us,suspected,"Multiple analyses raise concerns. Suspicious reviews, unusual developer details (missing website, privacy policy link to unrelated domain, location), excessive permissions (contacts, Bluetooth), and a future update date suggest potential fraudulent activity despite the app's seemingly legitimate function."
30,quid.money,https://play.google.com/store/apps/details?id=quid.money&hl=en&gl=us,suspected,"Multiple analyses raise concerns: generic reviews, claims of fake services and redirection to third-party apps, a future 'Last Updated' date, a gmail.com email for support, and an average rating of 0 despite 1M+ installs. These inconsistencies suggest potential fraudulent activity."
31,com.wallet.crypto.trustapp,https://play.google.com/store/apps/details?id=com.wallet.crypto.trustapp&hl=en&gl=us,suspected,"While the app presents as a legitimate crypto wallet, negative reviews detailing asset theft and suspicious review patterns (generic praises, duplicates, similarities) raise concerns. The camera permission also warrants scrutiny given the app's core functionality."
32,com.loan.finance.calculator.autoloan.emicalculator.loantool,https://play.google.com/store/apps/details?id=com.loan.finance.calculator.autoloan.emicalculator.loantool&hl=en&gl=us,suspected,"While the description and permissions are reasonable, a screenshot shows an unmentioned cash counter feature, and the developer promotes a dating app on their website. These inconsistencies raise suspicion despite the core EMI calculation functionality appearing genuine."
33,com.fundsmama.personalloan,https://play.google.com/store/apps/details?id=com.fundsmama.personalloan&hl=en&gl=us,suspected,"Multiple analyses raise concerns: reviews mention data theft and blackmail, the developer's website shows inconsistencies, the app requests potentially unnecessary permissions, and the claimed loan disbursal time seems unrealistic. These factors suggest potentially fraudulent activity."
34,com.ltfs.d2c,https://play.google.com/store/apps/details?id=com.ltfs.d2c&hl=en&gl=us,suspected,"While the app comes from a reputable institution and has a legitimate description, the review analysis reveals suspicious patterns indicative of incentivized or fake reviews. Additionally, the extensive permissions requested raise privacy concerns, warranting further investigation despite the developer's credibility."
35,com.paytm.business,https://play.google.com/store/apps/details?id=com.paytm.business&hl=en&gl=us,suspected,"Negative reviews highlight settlement issues and unwanted charges. Excessive permissions requests raise privacy concerns. While the app's description and developer details appear legitimate, user reviews and permission requests suggest potential issues with functionality and data usage."
36,com.snapmint.customerapp,https://play.google.com/store/apps/details?id=com.snapmint.customerapp&hl=en,suspected,"While the app description, images, developer info, and permissions appear legitimate, the user review analysis raises concerns. Reports of credit limit issues, poor customer service, defective products, and repeated reviews suggest potential problems with the app's service or business practices."
37,com.Version1,https://play.google.com/store/apps/details?id=com.Version1&hl=en&gl=us,suspected,"Mixed signals. While the developer and description appear genuine, image analysis shows promotion of potentially related but separate apps. Review analysis reveals suspicious patterns, and permission analysis indicates excessive access. Requires further investigation."
38,bitcoin.minning.com,https://play.google.com/store/apps/details?id=bitcoin.minning.com&hl=en&gl=us,fraud,"Multiple analyses indicate deceptive practices: misleading promises of easy Bitcoin mining, forced ad watching, high in-app purchases, a generic privacy policy, and suspicious permissions. User reviews report functionality changes that contradict initial agreements. The combination of these factors strongly suggests fraudulent activity."
39,net.renklikodlar.takip,https://play.google.com/store/apps/details?id=net.renklikodlar.takip&hl=en&gl=us,suspected,"While the app's screenshots appear genuine, multiple analyses raise concerns. The developer's profile seems unprofessional, the app description is poorly written, and the app requests excessive permissions (camera, direct calls, USB storage) beyond what's necessary for customer/supplier tracking. The privacy policy hosting is also unusual."
40,com.realbyteapps.moneymanagerfree,https://play.google.com/store/apps/details?id=com.realbyteapps.moneymanagerfree&hl=en&gl=us,suspected,"While the developer seems legitimate and reviews are genuine, discrepancies in screenshots and unnecessary SMS permissions raise concerns. The SMS permission, in particular, is unusual for a finance app and warrants further investigation despite the app's popularity."
41,org.altruist.BajajExperia,https://play.google.com/store/apps/details?id=org.altruist.BajajExperia&hl=en&gl=us,suspected,"While the app is from a reputable company, suspicious reviews and excessive permissions raise concerns. The combination of generic positive reviews and intrusive permissions (modify contacts, record audio) suggests potential manipulation and privacy risks, warranting further investigation."
42,icici.lombard.ghi,https://play.google.com/store/apps/details?id=icici.lombard.ghi&hl=en&gl=us,suspected,"The app requests excessive permissions (camera, microphone, precise location, contacts) raising privacy concerns. While screenshots and description align with insurance services, numerous reviews report technical issues, claim problems, and poor customer service. The dietician mention in reviews may indicate bundled services."
43,com.dk.timeline,https://play.google.com/store/apps/details?id=com.dk.timeline&hl=en&gl=us,suspected,"While the app's functionality appears genuine, the developer's unprofessional website and the app's excessive storage permissions (modify/delete USB storage) raise significant concerns about potential data access and security risks, despite the receipt capture feature."
44,com.nextbillion.groww,https://play.google.com/store/apps/details?id=com.nextbillion.groww&hl=en&gl=us,suspected,"While the app appears legitimate based on its description and developer information, the combination of suspicious reviews and excessive permission requests (SMS, location, microphone, camera) raises concerns about potential data misuse and warrants further scrutiny."
45,io.sumasoft.bflaf,https://play.google.com/store/apps/details?id=io.sumasoft.bflaf&hl=en&gl=us,suspected,"Multiple analyses raise concerns: suspicious reviews, inaccessible developer website, excessive permission requests (camera, microphone, calendar, location, contacts, storage) and unusual HTML tags in the app description. These combined factors suggest potential fraudulent activity."
46,com.YONOUKMobileApp,https://play.google.com/store/apps/details?id=com.YONOUKMobileApp&hl=en&gl=us,suspected,"Review analysis shows suspicious patterns (generic positive reviews, irrelevant feedback), and permission analysis reveals excessive requests (microphone, NFC) for a banking app, raising concerns despite the legitimate developer. The file access and camera permissions are acceptable, but NFC and microphone are not."
47,com.speedoloan.speedoloan,https://play.google.com/store/apps/details?id=com.speedoloan.speedoloan&hl=en&gl=us,fraud,"Multiple analyses raise red flags: suspicious reviews alleging fake loans and data misuse, a missing developer website and generic email, overly optimistic promises of 'instant loans,' and unnecessary location permission requests. These combined factors strongly suggest fraudulent activity."
48,com.rupicard.score,https://play.google.com/store/apps/details?id=com.rupicard.score&hl=en&gl=us,suspected,"While the app presents a legitimate service, user reviews report hidden fees and data collection issues. Excessive permissions requests (contacts, microphone, storage) raise privacy concerns, and the description contains inconsistencies, suggesting potential deceptive practices."
49,com.bizce.accountbook,https://play.google.com/store/apps/details?id=com.bizce.accountbook&hl=en&gl=us,suspected,"While the app presents a legitimate money management service, concerns arise from suspicious reviews (subscription issues, generic 5-star ratings), questionable permission requests (contacts, phone status, storage), and an invalid last updated date. These inconsistencies warrant further investigation."
50,com.ramfincorploan,https://play.google.com/store/apps/details?id=com.ramfincorploan&hl=en&gl=us,suspected,"Multiple analyses indicate potential fraud. Reviews report high interest, hidden fees, and harassment. The developer info and description raise concerns about predatory lending. Excessive permissions requested add to the suspicion, despite seemingly genuine app screenshots."
51,com.transferwise.android,https://play.google.com/store/apps/details?id=com.transferwise.android&hl=en&gl=us,suspected,"While the app's functionality and reviews appear legitimate, the requested permissions (contacts, microphone) are concerning for a financial app and could be misused. This warrants further investigation despite the app's established reputation."
52,com.rkayapps.compoundinterestcalculatorpro,https://play.google.com/store/apps/details?id=com.rkayapps.compoundinterestcalculatorpro&hl=en&gl=us,suspected,"While image, developer, description, and permissions analyses are genuine, review analysis raises concerns. Reports of ads in the paid version contradict the description, and generic positive reviews suggest manipulation. Further investigation is needed to confirm fraud."
53,app.herewallet.hot,https://play.google.com/store/apps/details?id=app.herewallet.hot&hl=en&gl=us,suspected,"Inconsistencies raise concerns. Reviews are suspicious, the developer's website is non-functional, and the camera permission is unusual for a crypto wallet. While the description and images appear genuine, these red flags warrant further scrutiny."
54,com.google.android.apps.nbu.paisa.user,https://play.google.com/store/apps/details?id=com.google.android.apps.nbu.paisa.user&hl=en&gl=us,suspected,"While the app's core functionality and developer details appear genuine, conflicting reviews (some outdated, some potentially fake) and excessive permissions (microphone, camera, full storage) raise significant concerns about potential misuse of user data and the app's true purpose after the US version's discontinuation."
55,uk.co.theseustechs.wear.btc,https://play.google.com/store/apps/details?id=uk.co.theseustechs.wear.btc&hl=en&gl=us,suspected,"While images, reviews, and developer info appear genuine, the requested location permissions (precise & approximate) and the ability to reorder running apps are highly unusual for a Bitcoin price tracker on Wear OS, suggesting potential privacy risks."
56,com.credility.shubham.vmst,https://play.google.com/store/apps/details?id=com.credility.shubham.vmst&hl=en&gl=us,suspected,"The app exhibits several red flags. Suspicious review patterns suggest manipulation. Excessive permissions (location, microphone, phone, storage, camera) are requested, exceeding the needs for property evaluation. The ability to close other apps and download files silently further elevates suspicion."
57,com.tmj.digigold_v7,https://play.google.com/store/apps/details?id=com.tmj.digigold_v7&hl=en&gl=us,suspected,"While the app links to a legitimate business, suspicious reviews and unnecessary permission requests (contacts, location, camera) raise concerns about potential data harvesting or incentivized reviews. Further investigation is warranted to confirm or dispel these suspicions."
58,com.coindcx.btc,https://play.google.com/store/apps/details?id=com.coindcx.btc&hl=en&gl=us,suspected,"Review analysis shows fund withdrawal issues, potential fake reviews, and scam accusations. Description analysis reveals intrusive permission requests. While the developer seems legitimate, the combination of these factors raises suspicion."
59,com.feedlab.moneybook.pro,https://play.google.com/store/apps/details?id=com.feedlab.moneybook.pro&hl=en&gl=us,suspected,"While the app's images, reviews, and developer information appear genuine, the request for SMS permissions without clear justification raises significant suspicion. This, combined with the uncategorized notification listener service, suggests potential misuse of user data."
60,com.moneytap.bnpl.app,https://play.google.com/store/apps/details?id=com.moneytap.bnpl.app&hl=en&gl=us,suspected,"While the app description and developer information appear legitimate, the presence of suspicious reviews and potentially excessive permissions raise concerns. The combination warrants further investigation before confirming its genuineness."
61,com.vaibhavkalpe.android.khatabook,https://play.google.com/store/apps/details?id=com.vaibhavkalpe.android.khatabook&hl=en&gl=us,suspected,"Multiple review analysis results indicate suspicious activity (generic reviews, duplicate content, irrelevant comments, and future dates). The permissions analysis raises privacy concerns due to excessive location and camera access requests, despite the app's legitimate business description."
62,com.Splitwise.SplitwiseMobile,https://play.google.com/store/apps/details?id=com.Splitwise.SplitwiseMobile&hl=en&gl=us,suspected,"Negative reviews about new limits and aggressive pro version promotion contrast with the app's description. Broad storage and contact permissions, while potentially functional, raise privacy concerns and potential for data harvesting, leading to a suspicion of deceptive practices."
63,dev.ar01.crypto_dojo,https://play.google.com/store/apps/details?id=dev.ar01.crypto_dojo&hl=en&gl=us,suspected,"While the app's functionality and permissions seem genuine, the suspicious review patterns (identical content, high ratings) and the lack of substantial developer information (minimal website, generic email) raise concerns about potential manipulation and lack of transparency."
64,com.iexceed.appzillon.ippbMB,https://play.google.com/store/apps/details?id=com.iexceed.appzillon.ippbMB&hl=en&gl=us,suspected,"The app shows conflicting signals. While the app details and developer seem genuine, the suspicious review patterns and excessive permissions raise concerns. The combination of generic positive reviews and similar negative reviews, along with unnecessary access to user data, suggests potential fraudulent activity."
65,org.usdebtclock,https://play.google.com/store/apps/details?id=org.usdebtclock&hl=en&gl=us,suspected,"While the images, description, and permissions appear genuine, the irrelevant reviews mentioning 'DOGE' and a missing 'secret window' feature, combined with the incomplete developer website, raise concerns about the app's legitimacy and potential for misleading information."
66,com.roFyiTKEnyjR.natively,https://play.google.com/store/apps/details?id=com.roFyiTKEnyjR.natively&hl=en&gl=us,fraud,"Multiple analyses point to fraudulent activity. The app claims improbable AI-driven Forex predictions, uses suspicious marketing tactics (Telegram channel), and has polarized reviews with signs of manipulation. Excessive permissions further indicate malicious intent, strongly suggesting a fraudulent scheme."
67,aab.Btcminer_bitcoingpu,https://play.google.com/store/apps/details?id=aab.Btcminer_bitcoingpu&hl=en&gl=us,fraud,"Multiple analyses indicate fraudulent behavior. The app's title and screenshots suggest cryptocurrency mining, contradicting its description. Reviews appear inauthentic, the developer's information is incomplete, and the app requests full network access, increasing the risk of malicious activity."
68,com.balancehero.truebalance,https://play.google.com/store/apps/details?id=com.balancehero.truebalance&hl=en,suspected,"While the app description and developer info appear legitimate, numerous user reviews report issues like loan rejections, high interest, poor service, spam, and suspicious positive reviews. The broad permission requests, particularly SMS and phone info, raise privacy concerns and potential misuse."
69,com.devnied.currency.pro,https://play.google.com/store/apps/details?id=com.devnied.currency.pro&hl=en&gl=us,suspected,"While the app's description, images, developer info, and permissions appear genuine, user reviews report persistent ads despite paying for the pro version, and some reviews are repeated. This inconsistency raises concerns about deceptive practices."
70,com.pxdworks.nfcemvreader,https://play.google.com/store/apps/details?id=com.pxdworks.nfcemvreader&hl=en&gl=us,suspected,"The app's functionality of reading and storing sensitive payment card data, including 'Track 2' data, raises significant security and privacy concerns. User reviews indicate functionality issues and potential fake reviews. The developer's use of a generic email and lack of a website add to the suspicion."
71,com.axis.mobile,https://play.google.com/store/apps/details?id=com.axis.mobile&hl=en&gl=us,suspected,"Review duplication and generic 5-star reviews suggest manipulation. Excessive permissions (calendar, camera, microphone, location) for a banking app raise privacy concerns, despite legitimate developer info and app description."
72,com.branch_international.branch.branch_demo_android,https://play.google.com/store/apps/details?id=com.branch_international.branch.branch_demo_android&hl=en,suspected,"While the app claims RBI registration and provides loan details, suspicious reviews (generic positives, complaints of rejection after repayment, high interest) and the use of SMS data for credit scoring raise concerns. Lack of permission details further fuels suspicion despite the developer's claims."
73,tony.expance.manager,https://play.google.com/store/apps/details?id=tony.expance.manager&hl=en&gl=us,suspected,"While image, developer, description, and permissions analyses appear genuine, review analysis reveals suspicious activity: generic/repeated positive reviews, irrelevant content, and questions about non-existent features (withdrawals). This suggests potential manipulation, warranting further scrutiny despite other positive indicators."
74,com.emicalculator.financialtools.loancalculator.allbankbalance,https://play.google.com/store/apps/details?id=com.emicalculator.financialtools.loancalculator.allbankbalance&hl=en&gl=us,fraud,"Multiple analyses raise significant concerns. The developer identity is inconsistent, the app requests unnecessary permissions (phone state), and screenshots show features beyond the stated purpose, suggesting potential feature stuffing or data harvesting. The website is also suspicious."
75,com.bandhanmf.inv,https://play.google.com/store/apps/details?id=com.bandhanmf.inv&hl=en&gl=us,suspected,"While image analysis, developer info, description, and permissions appear genuine, repeated verbatim reviews suggest manipulation. This discrepancy warrants further investigation despite other indicators pointing to a legitimate financial application."
76,com.onetwoapps.mh,https://play.google.com/store/apps/details?id=com.onetwoapps.mh&hl=en&gl=us,suspected,"While the app's functionality and permissions seem legitimate, the suspicious review patterns (overly positive and repetitive reviews) and the absence of a developer website raise concerns about potential manipulation and lack of transparency, warranting further investigation."
77,subsembly.banking,https://play.google.com/store/apps/details?id=subsembly.banking&hl=en&gl=us,suspected,"Inconsistencies in the app description, negative reviews mentioning bank integration issues, and excessive permission requests (precise location for Bluetooth pairing) raise concerns about the app's legitimacy and potential fraudulent behavior."
78,com.pavelrekun.tilla.premium,https://play.google.com/store/apps/details?id=com.pavelrekun.tilla.premium&hl=en&gl=us,suspected,"Inconsistencies in the app's description (price discrepancy, future update date), suspicious review patterns (duplicate positive reviews, high thumbs up on negative reviews), and potentially unnecessary permissions (run at startup, prevent sleeping) raise concerns about its legitimacy."
79,com.okx.wallet,https://play.google.com/store/apps/details?id=com.okx.wallet&hl=en&gl=us,suspected,"The app exhibits several suspicious indicators: repeated reviews, a missing developer website, and excessive permission requests (calendar, contacts, location, camera, microphone, phone). While the image analysis is genuine, the other factors suggest potential fraudulent activity or privacy risks."
80,com.EA.forexpill,https://play.google.com/store/apps/details?id=com.EA.forexpill&hl=en&gl=us,fraud,Multiple analyses point to fraudulent activity. Negative reviews cite crashes and scams. The developer's website is for sale. The app makes unrealistic claims of easy EA creation and requests excessive storage permissions. The screenshots also appear to be mockups.
81,com.SmartBudgetPlus.GoldFlyApps,https://play.google.com/store/apps/details?id=com.SmartBudgetPlus.GoldFlyApps&hl=en&gl=us,suspected,"Repeated reviews suggest manipulation. Extensive storage and network permissions raise data exfiltration concerns, despite the app's legitimate-sounding description and image representation. The combination of these factors makes the app's fraud status suspected."
82,money.super.payments,https://play.google.com/store/apps/details?id=money.super.payments&hl=en&gl=us,suspected,"Review analysis shows signs of bot activity. Excessive permissions requested (camera, microphone) raise privacy concerns. While the app description and developer details appear genuine, the review patterns and permission requests suggest potential fraudulent behavior."
83,com.komsco.kpay,https://play.google.com/store/apps/details?id=com.komsco.kpay&hl=en&gl=us,suspected,"Negative reviews citing crashes and login issues, combined with excessive storage permissions, raise concerns despite the legitimate developer and security certifications. While the app description and screenshots appear genuine, the reported user experience and permission requests warrant further investigation."
84,com.thewaya.wayaoptions,https://play.google.com/store/apps/details?id=com.thewaya.wayaoptions&hl=en&gl=us,suspected,"Multiple analyses raise concerns. Suspicious reviews, unrealistic profit claims, a missing developer website, and unnecessary camera/microphone permissions suggest potentially fraudulent activity. While screenshots appear genuine, the totality of evidence points to a high risk of fraud."
85,com.xinke.hp12c.google,https://play.google.com/store/apps/details?id=com.xinke.hp12c.google&hl=en&gl=us,suspected,"Identical reviews from multiple users and a price discrepancy (listed as both $1.99 and ""Free"") raise concerns about potential manipulation and misleading information, despite the developer's seemingly legitimate details and reasonable permissions."
86,com.akinbamidelesapplicationV4.app,https://play.google.com/store/apps/details?id=com.akinbamidelesapplicationV4.app&hl=en&gl=us,fraud,"Multiple analyses indicate fraudulent activity. Screenshots don't match the description, the developer's information is incomplete and uses generic elements, and the requested permissions (camera, storage) are incongruent with the app's stated cryptocurrency management functionality. These inconsistencies suggest potential fraud."
87,com.cfa.calculator.pro,https://play.google.com/store/apps/details?id=com.cfa.calculator.pro&hl=en&gl=us,suspected,"Multiple red flags: negative reviews citing crashes and incorrect results, a missing developer website, unnecessary storage permissions ('modify/delete'), network access, drawing over other apps, and conflicting information about ads/pricing. While it emulates a calculator, the overall risk profile is elevated."
88,com.droid4you.application.wallet,https://play.google.com/store/apps/details?id=com.droid4you.application.wallet&hl=en&gl=us,suspected,"Numerous user reviews report unresolved technical issues, including sync problems, data loss, and unresponsive support, particularly after purchasing premium subscriptions. Combined with potentially excessive permission requests (location, camera, storage), these issues raise concerns about the app's reliability and data handling practices."
89,ovo.id,https://play.google.com/store/apps/details?id=ovo.id&hl=en&gl=us,suspected,"While the app's description and developer details appear legitimate, user reviews report transaction issues, login problems, and unwanted promotional emails. Additionally, the app requests excessive permissions, including access to contacts, precise location, and camera, raising privacy concerns for a payment application."
90,com.drcalculator.android.mortgagepro,https://play.google.com/store/apps/details?id=com.drcalculator.android.mortgagepro&hl=en&gl=us,suspected,"While image analysis, developer information, description, and permissions appear genuine, the review analysis raises concerns. Multiple short, generic, or repeated reviews, along with mentions of supporting the developer, suggest potential manipulation. This warrants further investigation despite other indicators."
91,com.track.userscredit,https://play.google.com/store/apps/details?id=com.track.userscredit&hl=en&gl=us,suspected,"Multiple analyses raise concerns: suspicious reviews, lack of licensing for financial advice, excessive permissions requests (SMS, call logs, camera), and potential privacy violations. While the app claims to offer credit assessment, these factors suggest possible fraudulent activity or data misuse."
92,com.sbi.sbiquick,https://play.google.com/store/apps/details?id=com.sbi.sbiquick&hl=en&gl=us,suspected,"While the app's core functionality seems genuine, the review analysis indicates potential rating manipulation. The non-functional developer website and excessive permission requests (camera, phone identity) further contribute to the suspicion, warranting a cautious approach."
93,com.aveumio,https://play.google.com/store/apps/details?id=com.aveumio&hl=en&gl=us,suspected,"Multiple analyses raise concerns. Reviews are generic/overly positive, the 'Finance' category doesn't match the social/P2E description, and the app requests storage permissions without clear justification. The developer's website mentions 'Aveum tokens' and 'social mining', suggesting a potential crypto scheme."
94,com.anish.creation_plan,https://play.google.com/store/apps/details?id=com.anish.creation_plan&hl=en&gl=us,suspected,"Multiple analyses raise concerns: conflicting reviews, questionable developer practices (disclaimer vs. LIC data use, ad-heavy website), unnecessary permissions (contacts, storage), and potential for misleading information. The app's value proposition is also questionable."
95,ani.tradingapps.optionsignals,https://play.google.com/store/apps/details?id=ani.tradingapps.optionsignals&hl=en&gl=us,suspected,"Multiple analyses raise concerns: suspicious reviews (generic, potentially fake, complaints about subscriptions), a questionable developer website and address, overly promotional description with future update date, and unnecessary permissions. These collectively suggest potentially fraudulent behavior."
96,com.financial.calculator.pro,https://play.google.com/store/apps/details?id=com.financial.calculator.pro&hl=en&gl=us,suspected,"Conflicting information raises concerns. User reviews report crashes and incorrect calculations. The description contradicts actual permissions, and the need for extensive network access despite offline functionality is questionable. The future update date and price discrepancy add to the suspicion."
97,com.expensemanager.pro,https://play.google.com/store/apps/details?id=com.expensemanager.pro&hl=en&gl=us,suspected,"Review manipulation, a version date discrepancy, and sensitive SMS permission requests raise concerns. While the app offers useful features, these factors suggest potential risks, warranting caution."
98,com.centralbank.retail.omni,https://play.google.com/store/apps/details?id=com.centralbank.retail.omni&hl=en&gl=us,suspected,"While the app is published by a legitimate bank, concerning reviews mention crashes and registration issues. The app requests excessive permissions, raising privacy concerns. These, combined, suggest potential risks, warranting further investigation despite the genuine aspects."
99,com.rupee.finan,https://play.google.com/store/apps/details?id=com.rupee.finan&hl=en&gl=us,fraud,"Multiple analyses indicate fraudulent behavior. Reviews report data misuse and lack of loan disbursement, the developer's website is unprofessional and lacks a proper privacy policy, and the app requests unnecessary permissions. Screenshots show unrelated features, further raising suspicion."
100,com.yahoo.mobile.client.android.finance,https://play.google.com/store/apps/details?id=com.yahoo.mobile.client.android.finance&hl=en&gl=us,suspected,"While the developer and app description appear genuine, suspicious review patterns (generic praise, spam bot reports) and potentially excessive permissions (camera, phone identity) raise concerns. Further investigation is needed to confirm or deny fraudulent activity."
101,com.roaddogssoftware.cardapp,https://play.google.com/store/apps/details?id=com.roaddogssoftware.cardapp&hl=en&gl=us,suspected,"Multiple analyses raise concerns: reviews report app malfunction and potential manipulation, the app's method of adding card data is insecure, the description raises security concerns, and unusual permissions (microphone, phone identity) suggest potential data harvesting despite the claim of no internet access."
102,com.loandaycalc.emiloancalulator.gstcalculator.moragagecalculator,https://play.google.com/store/apps/details?id=com.loandaycalc.emiloancalulator.gstcalculator.moragagecalculator&hl=en&gl=us,suspected,"Review analysis shows repetitive, generic reviews and reports of fake app claims. Developer's website lacks credibility. Unjustified network permissions raise concerns, despite genuine image and description analyses. Overall, these inconsistencies suggest potential fraudulent activity."
103,com.vramath.xts,https://play.google.com/store/apps/details?id=com.vramath.xts&hl=en&gl=us,fraud,"Multiple red flags indicate potential fraud: inconsistent branding across the app and developer website, suspicious repeated reviews, excessive storage permissions, and a future update date. The screenshot showing a different app and the low install count further reinforce the suspicion."
104,com.msf.kbank.mobile,https://play.google.com/store/apps/details?id=com.msf.kbank.mobile&hl=en&gl=us,suspected,"The app exhibits mixed signals. While developer info, description, and image analysis appear genuine, review analysis reveals suspicious patterns indicative of fake reviews. Additionally, the app requests excessive permissions raising privacy concerns. Further investigation is needed to confirm fraud."
105,com.bstatement.minipassbook.banktransaction,https://play.google.com/store/apps/details?id=com.bstatement.minipassbook.banktransaction&hl=en&gl=us,fraud,"Multiple analyses indicate fraudulent behavior. The app description is misleading, claiming offline access while needing SMS and potentially internet. Reviews are mixed with functional complaints and privacy concerns. The developer's website is minimal, and requested permissions (SMS, Phone, Storage) are excessive and raise data harvesting concerns."
106,com.kreditbee.android,https://play.google.com/store/apps/details?id=com.kreditbee.android&hl=en,suspected,"While the app description, developer info, image analysis, and permissions seem genuine, numerous user reviews report issues like loan denials after promising higher limits, high-pressure tactics, and difficulties with customer service. Some reviews appear promotional, raising concerns about potential manipulation."
107,com.portal.hcin,https://play.google.com/store/apps/details?id=com.portal.hcin&hl=en&gl=us,suspected,"While the app appears legitimate based on its description and developer information, numerous user reviews report issues with customer service, unexpected charges, and technical problems. The app also requests excessive permissions, raising privacy concerns, and some reviews seem manipulated."
108,aab.Btcminer_bitcoinaliens,https://play.google.com/store/apps/details?id=aab.Btcminer_bitcoinaliens&hl=en&gl=us,fraud,"Multiple analyses indicate fraudulent activity. Contradictory app description, inconsistencies between description and screenshots, coordinated negative reviews, a missing developer website, and a generic privacy policy all point to deceptive practices. Requesting ETH address is a red flag."
109,ca.acefgp.budgetenligne,https://play.google.com/store/apps/details?id=ca.acefgp.budgetenligne&hl=en&gl=us,suspected,"Multiple red flags: identical negative reviews, inaccessible developer website, unusual call permissions, outdated app version listed, and excessive storage access requests. While the app's concept seems legitimate, these issues raise significant concerns about its trustworthiness."
110,com.app.emvnfccard.emv.nfc.creditcardreader,https://play.google.com/store/apps/details?id=com.app.emvnfccard.emv.nfc.creditcardreader&hl=en&gl=us,suspected,"The app's description and requested permissions, combined with questionable reviews and potential misuse of NFC functionality, raise significant security and privacy concerns. The virtual office address of the developer further contributes to the suspicion."
111,com.fampay.in,https://play.google.com/store/apps/details?id=com.fampay.in&hl=en&gl=us,suspected,"Review analysis shows signs of manipulation (generic praises, contradictions, repetitions). The app requests excessive permissions (SMS, microphone, precise location, camera, draw over apps, modify contacts, Identity & Device ID) raising privacy concerns despite a legitimate description and developer."
112,com.ibearsoft.moneyproandroid,https://play.google.com/store/apps/details?id=com.ibearsoft.moneyproandroid&hl=en&gl=us,suspected,"Unusual camera permission, 'reorder running apps' permission, and a future last update date are suspicious. While reviews are mostly genuine, potential overcharging via in-app purchases and unnecessary permissions warrant further investigation."
113,com.techmark.in.finsc,https://play.google.com/store/apps/details?id=com.techmark.in.finsc&hl=en&gl=us,suspected,"Multiple red flags indicate potential fraud. Reviews suggest scam activity and data collection. The developer lacks a professional website, uses a generic email, and the app requests sensitive personal data with a privacy policy link to an inactive website. Last updated date is in the future."
114,com.DYGHTBV.DYGHTBV,https://play.google.com/store/apps/details?id=com.DYGHTBV.DYGHTBV&hl=en&gl=us,suspected,"Multiple red flags: coordinated negative reviews, generic privacy policy, developer using Hotmail, nonsensical app title, grammatical errors in description, and excessive network access permissions for the app's stated functionality raise serious concerns about potential fraudulent activity."
115,com.trustbank.smritibankapp,https://play.google.com/store/apps/details?id=com.trustbank.smritibankapp&hl=en&gl=us,suspected,"The app requests excessive permissions (camera, precise location, flashlight, change network connectivity) unnecessary for basic banking functions like account statements and fund transfers. The future last updated date is also highly suspicious, suggesting potential irregularities despite other analyses appearing genuine."
116,net.one97.paytm,https://play.google.com/store/apps/details?id=net.one97.paytm&hl=en&gl=us,suspected,"Review analysis reveals suspicious patterns (generic, incentivized, templated reviews with contradictory positive scores despite reported issues). Excessive permissions requested raise privacy concerns. While the app itself seems legitimate, the evidence suggests potential manipulation of user perception."
117,com.nikitadev.currencyconverter.pro,https://play.google.com/store/apps/details?id=com.nikitadev.currencyconverter.pro&hl=en&gl=us,suspected,"While images, description, developer info, and permissions seem genuine, the review analysis raises concerns. Similar phrases across multiple reviews suggest potential manipulation, warranting further investigation despite other indicators being normal."
118,com.finart,https://play.google.com/store/apps/details?id=com.finart&hl=en&gl=us,suspected,"The app exhibits several concerning behaviors. Reviews mention high subscription costs after a short trial and potential data privacy issues. Unexplained camera permission requests, combined with location and SMS access, raise significant privacy concerns despite claims of not connecting to bank accounts."
119,com.lendingplate,https://play.google.com/store/apps/details?id=com.lendingplate&hl=en,genuine,"All analyses point towards a genuine app. The image analysis, developer details, description, and permissions are consistent with a legitimate lending service. While some reviews are negative, the majority reflect genuine user experiences, both positive and negative. The presence of detailed, personal narratives in positive reviews further supports this conclusion."
120,com.phonepe.app.business,https://play.google.com/store/apps/details?id=com.phonepe.app.business&hl=en&gl=us,suspected,"While the app description and developer information appear legitimate, numerous user reviews report fraudulent activity, issues with loans and smart speaker services, and excessive permissions requests raise privacy concerns. The review patterns also suggest potential manipulation."
121,com.google.android.apps.walletnfcrel,https://play.google.com/store/apps/details?id=com.google.android.apps.walletnfcrel&hl=en&gl=us,suspected,"While the app itself appears genuine based on its description, developer, and image analysis, there are concerns. Numerous reviews show signs of manipulation (generic content, disproportionately high 'thumbs up'). Additionally, some requested permissions (contacts, precise location, USB storage modification) seem excessive for a wallet app."
122,com.app.growfi,https://play.google.com/store/apps/details?id=com.app.growfi&hl=en&gl=us,suspected,"Multiple analyses raise concerns: generic reviews, vague partner information, unnecessary permissions (camera, storage), and a line setup fee. While the app claims to be AI-backed, it lacks specifics. The combination of these factors suggests potential deceptive practices."
123,com.frshr.mcxalgo,https://play.google.com/store/apps/details?id=com.frshr.mcxalgo&hl=en&gl=us,suspected,"The app exhibits several red flags: suspicious reviews with similar phrasing, a missing developer website, questionable claims of AI-powered profitable signals, a future last updated date, and excessive permission requests (phone status). These factors collectively suggest potential fraudulent activity."
124,com.ideopay.user,https://play.google.com/store/apps/details?id=com.ideopay.user&hl=en&gl=us,suspected,"Review analysis shows signs of bot activity. Description reveals high APR. Permission analysis shows intrusive access to SMS, Location, Phone state, Camera and Microphone. While developer information seems genuine, the combined factors raise suspicion."
125,de.falko.stundenrechnerpro,https://play.google.com/store/apps/details?id=de.falko.stundenrechnerpro&hl=en&gl=us,suspected,"The app exhibits several red flags: suspicious identical reviews, a missing developer website, and potentially excessive permissions (phone status/identity, USB storage modification) for a simple hours calculator. These factors warrant further investigation despite the legitimate-looking screenshots."
126,tech.fplabs.score,https://play.google.com/store/apps/details?id=tech.fplabs.score&hl=en&gl=us,suspected,"Multiple reviews show signs of being fraudulent. The app requests excessive permissions. While the app's description and developer info seem genuine, the suspicious reviews and broad permissions raise concerns about potential manipulation of ratings and user data privacy."
127,com.LynnfieldLLC.MilitaryRetire,https://play.google.com/store/apps/details?id=com.LynnfieldLLC.MilitaryRetire&hl=en&gl=us,suspected,"While the app's functionality, description, developer info, and lack of permissions appear genuine, the suspicious review patterns (duplicate reviews, generic praise, and potential review boosting) raise concerns about the app's overall trustworthiness."
128,io.threecommas.wallet,https://play.google.com/store/apps/details?id=io.threecommas.wallet&hl=en&gl=us,suspected,"Multiple analyses raise concerns: negative reviews citing missing features and connectivity issues, a missing developer website, and suspicious permissions requests (camera, microphone, phone status) unrelated to crypto trading. High in-app purchase prices also contribute to suspicion."
129,com.marketwatch,https://play.google.com/store/apps/details?id=com.marketwatch&hl=en&gl=us,suspected,"While the app's description, images, and developer details appear genuine, user reviews report significant technical issues, and the requested camera permission is highly unusual for a financial news app, raising suspicion."
130,com.mbanking.mbgb.mbgb,https://play.google.com/store/apps/details?id=com.mbanking.mbgb.mbgb&hl=en&gl=us,suspected,"Multiple analyses raise concerns: suspicious reviews, developer inconsistencies (null website, bank's privacy policy), excessive permissions (location, camera, contacts), and a future last updated date. While screenshots appear genuine, the cumulative evidence suggests potential issues."
131,com.snapwork.hdfc,https://play.google.com/store/apps/details?id=com.snapwork.hdfc&hl=en&gl=us,suspected,"While the app's description, images, and developer info appear genuine, user reviews report disruptive ads and functionality issues. Additionally, the app requests potentially excessive permissions like location, camera, microphone, and contacts, raising privacy concerns and fraud risks."
132,com.budget.tracker_app,https://play.google.com/store/apps/details?id=com.budget.tracker_app&hl=en&gl=us,suspected,"While the app's functionality and developer details seem legitimate, the combination of potentially manipulated reviews (overly positive with conflicting negative feedback) and excessive storage permissions raises concerns. The broad storage access is disproportionate to the stated backup functionality."
133,com.acko.android,https://play.google.com/store/apps/details?id=com.acko.android&hl=en&gl=us,suspected,"While the app offers legitimate insurance services, some reviews mention misleading information (fake challans), a screenshot shows unrelated emergency services, and excessive permissions (calendar, contacts, microphone) raise concerns about potential data harvesting."
134,de.betaapps.bruttonetto.pro,https://play.google.com/store/apps/details?id=de.betaapps.bruttonetto.pro&hl=en&gl=us,suspected,"Repeated reviews suggest manipulation. Unnecessary phone and storage permissions for a calculator app raise concerns about potential data harvesting, despite claims of offline functionality and a legitimate developer website. These conflicting signals warrant further investigation."
135,in.stockedge.app,https://play.google.com/store/apps/details?id=in.stockedge.app&hl=en&gl=us,suspected,"The app shows conflicting signals. While the app description, images, and developer registration appear legitimate, suspicious review patterns and potentially unnecessary camera/microphone permissions raise concerns about possible review manipulation and data privacy."
136,com.cuberob.cryptowatch,https://play.google.com/store/apps/details?id=com.cuberob.cryptowatch&hl=en&gl=us,suspected,Inconsistencies and unusual permission requests raise concerns. Users report API errors and compatibility issues. The app description mentions 'Free' but lists a price of 3.49. Unnecessary phone identity permission and outdated updates for a finance app are suspicious.
137,com.loanpro.planner.emiloan.loanemi.finance.cashcountercalculator.loanplanner,https://play.google.com/store/apps/details?id=com.loanpro.planner.emiloan.loanemi.finance.cashcountercalculator.loanplanner&hl=en&gl=us,fraud,"Multiple analyses indicate potential fraud. Generic reviews, a suspicious developer profile (blogspot website, gmail), inconsistent app title/description, questionable permissions (Wi-Fi control, prevent sleeping), and potentially misleading EMI calculations collectively suggest deceptive practices."
138,com.monefy.app.lite,https://play.google.com/store/apps/details?id=com.monefy.app.lite&hl=en&gl=us,suspected,"While the app's description and images appear genuine, user reviews report data loss and paywalled features after updates. Additionally, the 'read phone status and identity' permission is suspicious for a budgeting app, raising concerns about potential data misuse despite cloud sync justification."
139,com.amitm29.am.dailyexpensesmanager,https://play.google.com/store/apps/details?id=com.amitm29.am.dailyexpensesmanager&hl=en&gl=us,suspected,"Review analysis shows suspicious, generic reviews. Permissions analysis reveals excessive storage access and network activity permissions, raising privacy concerns despite the app's claim of being privacy-focused. These discrepancies warrant further investigation."
140,com.statespay.app,https://play.google.com/store/apps/details?id=com.statespay.app&hl=en&gl=us,suspected,"Review analysis shows bot activity. Developer analysis reveals a generic email, future copyright date, and unusual claims. Description analysis reveals high ratings with low reviews. Permissions to modify USB storage is excessive. Screenshots are genuine, but the other factors raise concerns."
141,com.expertoption,https://play.google.com/store/apps/details?id=com.expertoption&hl=en&gl=us,suspected,"The app exhibits several red flags: polarized reviews, inconsistencies in developer information, registration in a jurisdiction with lax financial regulations, and broad camera/storage permissions that are not fully justified by the app's functionality. These raise concerns about potential fraudulent activity."
142,com.whizdm.moneyview.loans,https://play.google.com/store/apps/details?id=com.whizdm.moneyview.loans&hl=en,suspected,"While the app offers legitimate financial services, a significant number of reviews appear to be bot-generated, indicated by repetitive phrases and referral codes. This casts doubt on the app's overall trustworthiness, despite genuine developer information and description."
143,com.tvscs.tvscreditapp,https://play.google.com/store/apps/details?id=com.tvscs.tvscreditapp&hl=en&gl=us,suspected,"While the app seems legitimate based on developer and description analysis, suspicious reviews and excessive permission requests raise concerns. The combination of generic positive reviews and intrusive permissions warrants further investigation before deeming the app entirely safe."
144,io.metamask,https://play.google.com/store/apps/details?id=io.metamask&hl=en&gl=us,suspected,"The app description and images appear genuine, and the developer has a legitimate presence. However, suspicious reviews and potentially unnecessary permissions (location, microphone) raise concerns about potential data harvesting or other malicious activities, warranting further investigation."
145,com.inadaydevelopment.cashcalculator,https://play.google.com/store/apps/details?id=com.inadaydevelopment.cashcalculator&hl=en&gl=us,suspected,"Inconsistencies in pricing, unusual update history, and excessive storage permissions raise concerns. Reviews mentioning a specific developer and repeated reviews are also suspicious. While the app appears functional, these factors suggest potential issues."
146,com.ctfarm,https://play.google.com/store/apps/details?id=com.ctfarm&hl=en&gl=us,fraud,"Multiple analyses indicate fraudulent behavior. Reviews report withdrawal issues and scam accusations. The app claims unlimited hashrate without phone resource usage, which is impossible. Suspicious permissions like camera and microphone, combined with a focus on affiliate programs, confirm fraudulent activity."
147,com.billbook.autocalculate,https://play.google.com/store/apps/details?id=com.billbook.autocalculate&hl=en&gl=us,suspected,"Multiple red flags: user reports of payment issues, excessive permissions (camera), irrelevant 'CleanU' mention, and a generic developer website unrelated to billing. This combination suggests potentially fraudulent behavior despite the app's stated purpose."
148,com.fusionmedia.investing,https://play.google.com/store/apps/details?id=com.fusionmedia.investing&hl=en&gl=us,suspected,"Review analysis shows suspicious 5-star reviews. Permissions analysis reveals excessive account access requests. While other analyses appear genuine, these issues warrant further investigation to rule out potential fraud or privacy violations."
149,com.finance.loan.emicalculator,https://play.google.com/store/apps/details?id=com.finance.loan.emicalculator&hl=en&gl=us,suspected,"Multiple red flags: suspicious reviews, unrelated developer apps, excessive permissions (location, phone identity, storage), mismatched developer website, and a privacy policy on a different domain suggest potential fraudulent behavior despite the app's seemingly legitimate function."
150,com.trendlyne.markets,https://play.google.com/store/apps/details?id=com.trendlyne.markets&hl=en&gl=us,suspected,"While the app's description, images, and developer information appear genuine, user reviews indicate potential issues with recent updates and possible review manipulation. The broad storage permission also raises privacy concerns, warranting further investigation."
151,come.myindianow.protradingsignal,https://play.google.com/store/apps/details?id=come.myindianow.protradingsignal&hl=en&gl=us,suspected,"Multiple analyses raise concerns: reviews show signs of manipulation, the developer lacks transparency, the description promises unrealistic profits, and permissions suggest potentially malicious background activity. While the image analysis is benign, the totality of evidence points to a high risk of fraudulent activity."
152,com.naviapp,https://play.google.com/store/apps/details?id=com.naviapp&hl=en,suspected,"While the app's description, images, and developer info appear genuine, user reviews raise concerns about failed transactions, high interest rates, and loan rejections. The presence of generic reviews also suggests potential manipulation, warranting further scrutiny."
153,in.org.npci.upiapp,https://play.google.com/store/apps/details?id=in.org.npci.upiapp&hl=en&gl=us,suspected,"Multiple review analyses show signs of manipulation, with coordinated complaints about specific features (UI, 'tap and pay', cashback) and technical issues, alongside generic positive reviews. While the app itself is legitimate, review patterns suggest potential reputation attacks."
154,com.worldcoin,https://play.google.com/store/apps/details?id=com.worldcoin&hl=en&gl=us,suspected,"User reviews report withdrawal issues, account problems, and value drops. The app requests excessive permissions (location, contacts, camera) for a wallet, raising privacy concerns. While the developer seems legitimate, the combination of negative reviews and permission requests warrants suspicion."
155,com.potradeweb,https://play.google.com/store/apps/details?id=com.potradeweb&hl=en&gl=us,fraud,"Multiple analyses point to fraudulent activity. Reviews mention scams and withdrawal issues. The developer's website is null, and the email domain is associated with high-risk investments. Excessive permissions are requested, and the description promises easy profits, all indicative of a fraudulent scheme."
156,net.metaquotes.metatrader5,https://play.google.com/store/apps/details?id=net.metaquotes.metatrader5&hl=en&gl=us,suspected,"While the app itself and the developer seem legitimate, the combination of suspicious reviews and potentially excessive permissions (camera, reordering apps) raises concerns about potential manipulation or data misuse, warranting further investigation despite its established presence."
157,com.axonlogic.stocktrade,https://play.google.com/store/apps/details?id=com.axonlogic.stocktrade&hl=en&gl=us,suspected,"While the app's description and images appear genuine, suspicious reviews, the developer's focus on self-investment, and unnecessary permissions raise concerns. The combination suggests potential manipulation and data collection beyond the stated purpose."
158,com.cashloan.aadharloan.loanemicalculator.sip.fd.rd.financecalculators,https://play.google.com/store/apps/details?id=com.cashloan.aadharloan.loanemicalculator.sip.fd.rd.financecalculators&hl=en&gl=us,suspected,"The app's name ""EasyLoan"" is misleading given its disclaimer of not providing loans. The developer's website and privacy policy are hosted on generic platforms, raising legitimacy concerns. While the app functions as a calculator, the misleading name and weak developer presence suggest potential misrepresentation."
159,com.jezzmoney.finance_planner_and_sip_calculator,https://play.google.com/store/apps/details?id=com.jezzmoney.finance_planner_and_sip_calculator&hl=en&gl=us,suspected,"While image, developer, description, and permission analyses appear genuine, the review analysis raises concerns due to suspiciously similar phrasing and a high volume of 5-star ratings with generic feedback, suggesting potential manipulation of app reviews."
160,app10.pesos,https://play.google.com/store/apps/details?id=app10.pesos&hl=en&gl=us,fraud,"Multiple analyses indicate fraudulent activity. Reviews are likely fake, the developer's website is unavailable, the app's description is misleading, the price is inappropriate, and the requested permissions are excessive for its stated purpose. The app appears designed to scam users."
161,com.financial.schemes.banking.calculator.profit,https://play.google.com/store/apps/details?id=com.financial.schemes.banking.calculator.profit&hl=en&gl=us,suspected,"The app is suspicious due to generic reviews, a rudimentary developer website, and unnecessary Wi-Fi permissions. Screenshots reveal a broader range of calculators than advertised, and the combination of these factors suggests potential misleading behavior despite the disclaimer."
162,com.bharatpe.app,https://play.google.com/store/apps/details?id=com.bharatpe.app&hl=en&gl=us,suspected,"Negative user reviews cite fund holding & unauthorized charges. Excessive permissions (SMS, microphone) raise privacy concerns despite claimed loan services. While description and developer info seem genuine, review & permission analysis point to potential deceptive practices."
163,com.binaryscript.offlinecashbook,https://play.google.com/store/apps/details?id=com.binaryscript.offlinecashbook&hl=en&gl=us,suspected,"Multiple analyses raise concerns. Repetitive reviews suggest manipulation. The developer's primary focus is unrelated. Unnecessary camera permissions and in-app purchases despite claiming to be ad-free raise privacy concerns. While the app claims offline functionality, these inconsistencies suggest potential issues."
164,com.roboxnet,https://play.google.com/store/apps/details?id=com.roboxnet&hl=en&gl=us,fraud,"Multiple analyses indicate fraudulent activity. User reviews report scam behavior and inability to withdraw funds. The app promises easy crypto earnings, a common tactic in fraudulent schemes. Suspicious permissions (camera, microphone, storage) and high in-app purchase prices further support this assessment."
165,com.k.fxpillmt5,https://play.google.com/store/apps/details?id=com.k.fxpillmt5&hl=en&gl=us,fraud,"Multiple analyses raise significant concerns. Negative reviews claim the app is a scam and doesn't work. The developer's website is for sale. The app description has inconsistencies (MT4 vs MT5) and requests unusual storage permissions, suggesting potential data exfiltration. The app has no ratings and conflicting pricing."
166,com.raha.app.mymoney.pro,https://play.google.com/store/apps/details?id=com.raha.app.mymoney.pro&hl=en&gl=us,suspected,"Multiple analyses raise concerns. The description contradicts permissions by claiming offline functionality while requesting network access. Review discrepancies exist, and the developer's website is missing. While not definitive, these inconsistencies warrant further investigation before labeling the app as genuine."
167,com.rajan.bullseye,https://play.google.com/store/apps/details?id=com.rajan.bullseye&hl=en&gl=us,suspected,"While image and permissions analyses are genuine, review analysis shows suspicious repetitive reviews. The developer's website is a basic Streamlit app, and the description's AI claims seem exaggerated given the limited user base and future update date, raising concerns about legitimacy."
168,com.paytmmoney,https://play.google.com/store/apps/details?id=com.paytmmoney&hl=en&gl=us,suspected,"While image and developer analysis show genuine aspects, numerous user reviews report serious issues like fund deductions, account closure problems, and poor support. Additionally, excessive permission requests (calendar, location, camera, microphone) raise privacy concerns, suggesting potential fraud."
169,com.mobikwik_new,https://play.google.com/store/apps/details?id=com.mobikwik_new&hl=en,suspected,"While the app's description, images, developer info, and permissions appear genuine, a significant number of reviews raise concerns. Reports of financial losses and potentially manipulated reviews suggest possible fraudulent activity or severe customer service issues that warrant further investigation."
170,com.apps.teelu.simplecheckbookledger.key,https://play.google.com/store/apps/details?id=com.apps.teelu.simplecheckbookledger.key&hl=en&gl=us,suspected,"While the app's functionality and permissions appear genuine, user reviews report that ads are not removed despite payment. The developer's unprofessional website and the presence of suspicious reviews further contribute to the suspicion of potentially misleading or fraudulent behavior."
171,com.dreamplug.androidapp,https://play.google.com/store/apps/details?id=com.dreamplug.androidapp&hl=en&gl=us,suspected,"While the app description and screenshots appear genuine, a significant number of user reviews report issues such as payment failures, lack of rewards, poor customer support, and unexpected fees. The app also requests excessive permissions, raising privacy concerns. These issues warrant further investigation."
172,com.bloomberg.android.plus,https://play.google.com/store/apps/details?id=com.bloomberg.android.plus&hl=en&gl=us,suspected,"Review analysis shows signs of bot activity. Permissions analysis shows excessive storage access. While other analyses are genuine, these two factors raise concerns about potentially misleading reviews and data privacy."
173,com.sarthakpariwar,https://play.google.com/store/apps/details?id=com.sarthakpariwar&hl=en&gl=us,suspected,"Multiple analyses raise concerns: suspicious reviews, incomplete developer information with unrelated software links, excessive and unnecessary permissions requested, and inconsistencies in the app's metadata. While the image analysis suggests legitimacy, the cumulative evidence points to potential fraudulent activity."
174,com.postpe.app,https://play.google.com/store/apps/details?id=com.postpe.app&hl=en&gl=us,suspected,"While the app offers legitimate financial services, the presence of potentially fake reviews, user reports of transaction issues and unauthorized credit lines, and excessive permissions raise significant concerns about potential fraudulent activities. More investigation is needed."
175,com.encodemx.gastosdiarios4,https://play.google.com/store/apps/details?id=com.encodemx.gastosdiarios4&hl=en&gl=us,suspected,"Multiple users report data loss and sync issues. Unnecessary location permissions raise privacy concerns. The combination of negative user feedback and questionable permissions suggests potential issues with functionality and data handling, warranting further investigation."
176,com.loanemicalculator.personalloanemi.financecalculator.emiapp.tool,https://play.google.com/store/apps/details?id=com.loanemicalculator.personalloanemi.financecalculator.emiapp.tool&hl=en&gl=us,suspected,"The app's screenshots showcase a broader range of financial calculators than its description suggests. The developer's website and privacy policy link to an unrelated blog, raising concerns about transparency and legitimacy. While permissions are standard, the mismatch creates suspicion."
177,in.hanafintech,https://play.google.com/store/apps/details?id=in.hanafintech&hl=en&gl=us,suspected,"Conflicting signals. While the developer is a registered NBFC, negative reviews cite high interest and poor service. Excessive permissions requested (SMS, microphone, camera) and a future 'lastUpdated' date raise privacy concerns. Further investigation is warranted."
178,crypto.bitcoin.ethereum.litecoin.cloud.mining.eth.btc.ltc.hash.pool.cloud_mining,https://play.google.com/store/apps/details?id=crypto.bitcoin.ethereum.litecoin.cloud.mining.eth.btc.ltc.hash.pool.cloud_mining&hl=en&gl=us,fraud,"Multiple analyses indicate fraudulent behavior. The app promises easy Bitcoin mining without hardware, which is unrealistic. Reviews are generic and report low returns. The developer's claims are suspicious, and requested permissions are vague. Images depict a simplified mining process, inconsistent with reality."
179,com.hyratek.salala,https://play.google.com/store/apps/details?id=com.hyratek.salala&hl=en&gl=us,suspected,"The app has multiple red flags: user reviews report withdrawal issues and scam-like behavior, the earning model seems dubious, and the app requests excessive permissions unrelated to its stated functionality, raising concerns about potential data harvesting and illegitimate income promises."
180,com.nikitadev.stockspro,https://play.google.com/store/apps/details?id=com.nikitadev.stockspro&hl=en&gl=us,suspected,"While image, developer, and permission analyses appear genuine, the review analysis indicates potential bot activity and feature request overlap. Most critically, the future update date in the description raises a significant concern about data integrity, warranting a 'suspected' fraud classification."
181,com.tenwbtt.wbtt.ten,https://play.google.com/store/apps/details?id=com.tenwbtt.wbtt.ten&hl=en&gl=us,suspected,"Inconsistencies across multiple analyses raise concerns. The developer profile is incomplete, the app category ('Finance') doesn't match the description, and the requested permissions (camera, storage) are excessive for a simple life application, suggesting potential misuse of data."
182,com.jar.app,https://play.google.com/store/apps/details?id=com.jar.app&hl=en&gl=us,suspected,"Multiple analyses raise concerns: incentivized reviews, withdrawal issues, hidden charges, excessive permissions (location, camera, SMS), and aggressive prompts. While the app offers legitimate services like digital gold, loans, and insurance, these issues warrant further investigation."
183,com.mycafecup.evowalletpremium,https://play.google.com/store/apps/details?id=com.mycafecup.evowalletpremium&hl=en&gl=us,suspected,"Conflicting signals. Positive image and permission analysis, and a functional developer website contrast with suspicious reviews (similar complaints, Thai language), a future last update date, and a currency/location mismatch. Requires further investigation."
184,com.redfoxmobile.signal,https://play.google.com/store/apps/details?id=com.redfoxmobile.signal&hl=en&gl=us,suspected,"The app exhibits multiple red flags: suspicious reviews with repetitive positive feedback and scam accusations, unrealistic profit claims (75% win ratio, 2000 pips/month), excessive signal frequency, and the request for 'draw over other apps' permission. These factors collectively suggest potential fraudulent activity."
185,coms.nmfnse.nmfnse,https://play.google.com/store/apps/details?id=coms.nmfnse.nmfnse&hl=en&gl=us,suspected,"While the developer is reputable (NSE), the requested SMS, Phone, and USB storage permissions are unusual for a mutual fund app and raise privacy concerns. The future update date also adds suspicion. Further investigation is recommended."
186,de.goerke.tobias.tiles.crypto,https://play.google.com/store/apps/details?id=de.goerke.tobias.tiles.crypto&hl=en&gl=us,suspected,"While the app's functionality, permissions, and developer information appear legitimate, the presence of duplicate reviews raises concerns about potential review manipulation. This inconsistency warrants further investigation to determine the app's true standing."
187,de.goerke.tobias.tiles.stock,https://play.google.com/store/apps/details?id=de.goerke.tobias.tiles.stock&hl=en&gl=us,suspected,"Multiple red flags including repeated reviews, a missing developer website, conflicting pricing information, a future update date, and low user engagement suggest potential manipulation or fraudulent activity. While the app's functionality and permissions seem reasonable, the other issues raise significant concerns."
188,com.expensoapp,https://play.google.com/store/apps/details?id=com.expensoapp&hl=en&gl=us,suspected,"While the app description, images, and permissions seem genuine, numerous suspicious reviews, coupled with the developer's lack of a website and use of a generic email, raise concerns about potential manipulation or lack of credibility. The coordinated feature requests in reviews also warrant further investigation."
189,com.rs.jkb,https://play.google.com/store/apps/details?id=com.rs.jkb&hl=en&gl=us,suspected,"Repeated negative reviews and unusual microphone/storage permissions raise concerns. The future update date is also highly suspicious. While the developer seems legitimate, the combination of these factors suggests potential risks, warranting further investigation before declaring the app genuine."
190,sk.halmi.ccalcpluss,https://play.google.com/store/apps/details?id=sk.halmi.ccalcpluss&hl=en&gl=us,suspected,"The app exhibits multiple red flags: suspicious location permission requests, potentially manipulated reviews, a missing developer website, a misleading screenshot, and inconsistencies in version release dates. These factors collectively suggest potential fraudulent behavior."
191,com.aavitech.reward.converter.xpress.app.pro,https://play.google.com/store/apps/details?id=com.aavitech.reward.converter.xpress.app.pro&hl=en&gl=us,suspected,"Multiple analyses raise concerns: inflated reviews, questionable conversion of points to cash violating Google's terms, lack of developer transparency, unusual permissions, and in-app purchases for a reward converter. Legitimacy is doubtful."
192,io.gmt.app.twa,https://play.google.com/store/apps/details?id=io.gmt.app.twa&hl=en&gl=us,suspected,"Mixed signals. Image analysis is genuine, but reviews are generic and include scam accusations. Developer promises high returns, description is misleading about mining, and permissions are invasive. The app's business model is unclear, raising concerns about potential fraudulent activity."
193,com.youneedabudget.evergreen.app,https://play.google.com/store/apps/details?id=com.youneedabudget.evergreen.app&hl=en&gl=us,suspected,"While the app offers budgeting features, user reviews report bank connectivity issues and inaccuracies. Suspicious permissions like location and camera access, combined with the ability to reorder running apps, raise concerns about potential misuse and tracking, warranting further investigation."
194,dev.ar01.paper,https://play.google.com/store/apps/details?id=dev.ar01.paper&hl=en&gl=us,suspected,"While image, developer, description, and permissions analyses are genuine, review analysis shows suspicious patterns like short, generic positive reviews and repetitive feature requests, suggesting potential rating manipulation despite genuine app functionality. This warrants further investigation."
195,in.upstox.app,https://play.google.com/store/apps/details?id=in.upstox.app&hl=en&gl=us,suspected,"While the app's description, images, and developer information seem legitimate, the review analysis reveals suspicious patterns like generic positive reviews, duplicates, and unusual phrasing. Additionally, the requested permissions (camera, microphone, storage) raise privacy concerns, making fraud a possibility."
196,com.myCredit.card.cash.savar,https://play.google.com/store/apps/details?id=com.myCredit.card.cash.savar&hl=en&gl=us,suspected,"Multiple red flags: developer info inconsistencies (website null, email as legal address, privacy policy mismatch), future last updated date, and the app requesting network access despite claiming local data storage. These raise concerns about data privacy and potential hidden functionalities."
197,kredit.rupee,https://play.google.com/store/apps/details?id=kredit.rupee&hl=en&gl=us,suspected,"Multiple analyses raise concerns: generic reviews, reports of data collection without loan disbursement, a missing developer website, and a suspicious 'lastUpdated' date in the future. While permissions seem standard, the overall picture suggests potential fraudulent activity."
198,app.oolka.com,https://play.google.com/store/apps/details?id=app.oolka.com&hl=en&gl=us,suspected,"Review patterns suggest bot activity. Excessive permissions (SMS, location, camera, microphone) raise privacy concerns despite stated purpose. While developer info seems genuine, the combined evidence warrants further investigation into potential fraudulent activities."
199,com.sncbank.mobipro,https://play.google.com/store/apps/details?id=com.sncbank.mobipro&hl=en&gl=us,suspected,"While image, review, and developer analyses are genuine, discrepancies exist. The title ""SNCB"" differs from ""Surat National Bank."" Suspicious permissions like precise location and phone status access, not essential for core banking, suggest potential tracking or data collection, raising fraud concerns."
200,com.ticno.olymptrade,https://play.google.com/store/apps/details?id=com.ticno.olymptrade&hl=en&gl=us,suspected,"Multiple analyses raise concerns: negative reviews allege financial loss and manipulation, the developer is registered in a less regulated jurisdiction, and the app requests suspicious permissions (location, camera, modify system settings) for a trading platform."
201,com.idfcfirstbank.optimus,https://play.google.com/store/apps/details?id=com.idfcfirstbank.optimus&hl=en&gl=us,suspected,"While the app appears legitimate based on its branding and description, the combination of suspicious reviews and privacy-intrusive permissions (microphone, precise location) raises concerns about potential data misuse or fraudulent activity, warranting further investigation."
202,com.threeinvesteers.app,https://play.google.com/store/apps/details?id=com.threeinvesteers.app&hl=en&gl=us,suspected,"While the app offers a stock market simulation and educational content, suspicious reviews and excessive permission requests (location, camera, microphone, storage) raise concerns about potential data collection and rating manipulation, warranting further investigation."
203,com.bwt.emiloancalculator.financetool.stockcalculator.investmentcalculator.allcalculator,https://play.google.com/store/apps/details?id=com.bwt.emiloancalculator.financetool.stockcalculator.investmentcalculator.allcalculator&hl=en&gl=us,fraud,"Multiple analyses indicate deceptive practices. Screenshots show features beyond an EMI calculator. Reviews suggest users believe it offers loan services, contradicting the disclaimer. The developer's website and privacy policy are hosted on Blogspot, raising legitimacy concerns. Suspicious permissions further suggest potential misuse."
204,com.sbi.lotusintouch,https://play.google.com/store/apps/details?id=com.sbi.lotusintouch&hl=en&gl=us,suspected,"Description mentions future Android 12 support and update date. Reviews show compatibility issues and unusual permission requests (location, SMS, camera, storage, reordering apps) raise privacy concerns. Some reviews appear to be spam or misunderstand the app store."
205,com.fatakpay,https://play.google.com/store/apps/details?id=com.fatakpay&hl=en,suspected,"Reviews are generic and overly positive, while others report fraud and high fees. The app promises instant loans with minimal KYC, requests broad permissions, and offers a wide range of services, raising suspicion despite claims of ethical practices and data protection."
206,com.zees.hellotrader,https://play.google.com/store/apps/details?id=com.zees.hellotrader&hl=en&gl=us,suspected,"Multiple analyses raise concerns: suspicious reviews, unprofessional developer details (generic email, null website, generic privacy policy), and unusual storage permissions. While the image analysis is genuine, the other factors collectively suggest potential fraudulent activity."
207,com.cryptopumpfinder,https://play.google.com/store/apps/details?id=com.cryptopumpfinder&hl=en&gl=us,fraud,"The app promotes 'crypto pump' schemes and requests unnecessary storage permissions. Reviews are suspicious, and users report functionality issues. The developer's focus on identifying coins before they 'pump' suggests potential manipulation, indicating fraudulent intent."
208,com.frshr.optionalgo,https://play.google.com/store/apps/details?id=com.frshr.optionalgo&hl=en&gl=us,suspected,"The app shows multiple red flags: suspicious reviews mentioning unrealistic profits and payment issues, a missing developer website, promises of guaranteed profits via AI, unusual storage permissions, and a future 'last updated' date. While the screenshots appear genuine, the other factors raise significant concerns about potential fraud."
209,com.rupeeredee.app,https://play.google.com/store/apps/details?id=com.rupeeredee.app&hl=en&gl=us,fraud,"Multiple analyses indicate potential fraudulent activity. High APR, intrusive permissions (calendar, microphone, SMS), negative reviews citing harassment and discrepancies in loan terms, combined with developer inconsistencies, strongly suggest predatory lending practices and fraudulent behavior."
210,in.bajajfinservmarkets.app,https://play.google.com/store/apps/details?id=in.bajajfinservmarkets.app&hl=en&gl=us,suspected,"While the app's description, images, and developer info seem genuine, the suspicious permissions (location, phone status, reordering apps, modifying system settings) coupled with potentially manipulated reviews raise concerns about user privacy and data security, suggesting possible fraudulent activity."
211,co.rkapps.financialcalculatorindiapro,https://play.google.com/store/apps/details?id=co.rkapps.financialcalculatorindiapro&hl=en&gl=us,suspected,"While image, developer, description, and permissions analyses are genuine, review analysis indicates users are experiencing ads despite paying for the 'pro' version, suggesting potential deceptive practices. Duplicate/generic reviews further raise suspicion."
212,com.zestpayshop.zestpayshop,https://play.google.com/store/apps/details?id=com.zestpayshop.zestpayshop&hl=en&gl=us,suspected,"Multiple analyses raise concerns: suspicious review patterns, unusual developer website behavior, excessive storage permissions, and discrepancies in the description. While the image analysis is genuine, the other factors suggest potential data harvesting or manipulation."
213,com.binance.dev,https://play.google.com/store/apps/details?id=com.binance.dev&hl=en&gl=us,suspected,"Reviews show signs of manipulation (generic, referral codes). Permissions requested (calendar, location, camera, system settings) seem excessive for a crypto exchange, raising privacy concerns despite the app's legitimate purpose."
214,online.rtdapps.pancardjankariapp,https://play.google.com/store/apps/details?id=online.rtdapps.pancardjankariapp&hl=en&gl=us,suspected,"While screenshots and permissions appear genuine, the generic developer website, disclaimer of government affiliation alongside information from the official website, and potential for misleading users due to the 'Finance' category raise concerns about transparency and potential misrepresentation."
215,com.fastbanking,https://play.google.com/store/apps/details?id=com.fastbanking&hl=en&gl=us,suspected,"While the app provides detailed loan info and partners with NBFCs, several red flags exist. Reviews show signs of manipulation, the high APR is concerning, and SMS/location permissions are excessive and raise privacy issues, suggesting potential misuse."
216,com.mf.app,https://play.google.com/store/apps/details?id=com.mf.app&hl=en&gl=us,suspected,"While image and developer analysis indicate a genuine app, review analysis reveals payment and functionality issues. Description and permission analysis raise concerns about excessive data collection via intrusive permissions (Camera, Microphone, Location, Calendar), creating a suspicion of potential misuse."
217,com.nemoholding.android.rubi,https://play.google.com/store/apps/details?id=com.nemoholding.android.rubi&hl=en&gl=us,fraud,"Multiple analyses indicate potential fraud. Reviews are suspicious, the developer's practices are questionable, the description promises unrealistic income, and the app requests excessive permissions. These factors, combined with the blockchain/crypto focus, strongly suggest fraudulent activity."
218,com.financepro,https://play.google.com/store/apps/details?id=com.financepro&hl=en&gl=us,suspected,"Multiple analyses raise concerns: Review patterns suggest manipulation, the developer's website is a generic Facebook page, there's a price discrepancy, and the privacy policy links to a Github readme. The 'run at startup' permission adds further suspicion, making the app's legitimacy questionable."
219,com.sbi.SBAnywhereCorporate,https://play.google.com/store/apps/details?id=com.sbi.SBAnywhereCorporate&hl=en&gl=us,suspected,"While the app is from a reputable bank (SBI) and the description/images align, the suspicious review patterns and excessive permissions (location, SMS, camera, microphone, flashlight) create a notable concern for potential data misuse or malicious activities, warranting further investigation."
220,com.github.devnied.emvnfccard.pro,https://play.google.com/store/apps/details?id=com.github.devnied.emvnfccard.pro&hl=en&gl=us,suspected,"Conflicting information exists between the app's description (claims no internet access) and the listed permissions ('full network access'). User reviews report issues with functionality and potential deceptive practices. The last updated date is in the future, raising further concerns."
221,com.popclub.android,https://play.google.com/store/apps/details?id=com.popclub.android&hl=en&gl=us,suspected,"Multiple user reviews report issues with refunds, returns, and customer support, contradicting app claims. There are concerns about incentivized positive reviews and excessive permissions requests (SMS, contacts, location, camera, microphone, storage) that may not be necessary."
222,com.msf.angelmobile,https://play.google.com/store/apps/details?id=com.msf.angelmobile&hl=en&gl=us,suspected,"The app shows conflicting signals. Positive image and developer analysis contrast with suspicious reviews (incentivized/low-quality), excessive permission requests (contacts, location, SMS, camera, microphone), and inclusion of loans/insurance, raising privacy and potential fraud concerns."
223,in.indwealth,https://play.google.com/store/apps/details?id=in.indwealth&hl=en&gl=us,suspected,"While the developer is registered and screenshots are relevant, multiple reviews allege fraud and show signs of manipulation. The app also requests excessive permissions and has an impossible last update date, raising significant concerns."
224,com.iexceed.ib.digitalbankingprod,https://play.google.com/store/apps/details?id=com.iexceed.ib.digitalbankingprod&hl=en&gl=us,suspected,"While the app's description, images, and developer details appear genuine, the review analysis reveals suspicious activity like duplicated and overly positive reviews. Additionally, the extensive list of permissions raises privacy concerns, suggesting potential misuse despite the app being from a legitimate bank."
225,de.ourbudget.adfree,https://play.google.com/store/apps/details?id=de.ourbudget.adfree&hl=en&gl=us,suspected,"Multiple suspicious reviews, including duplicates and potentially fake endorsements, raise concerns. Excessive permission requests for storage, identity, and contacts, beyond what's needed for Google Drive sync, further suggest potential fraudulent activity."
226,com.mpokket.app,https://play.google.com/store/apps/details?id=com.mpokket.app&hl=en,suspected,"While the app description and images appear genuine, review analysis reveals concerns about loan disbursement issues, unauthorized debits, and potentially fabricated reviews. Furthermore, the app's access to SMS data for credit assessment, without specifying the permissions requested, raises privacy red flags."
227,com.plindia.pldigitrade,https://play.google.com/store/apps/details?id=com.plindia.pldigitrade&hl=en&gl=us,suspected,"While the developer is legitimate, repeated reviews, unusual location permissions, and lack of explicit justification for precise location data raise concerns. Further investigation is needed to determine if these are legitimate compliance measures or potential fraudulent activity."
228,com.bittycoon.gomining,https://play.google.com/store/apps/details?id=com.bittycoon.gomining&hl=en&gl=us,fraud,"Multiple analyses indicate fraudulent behavior: promises of easy Bitcoin mining without investment, failed withdrawals reported by users, high in-app purchase prices, and excessive permissions requested. These factors strongly suggest a scam."
229,com.silviu.st7.bsc.explorer,https://play.google.com/store/apps/details?id=com.silviu.st7.bsc.explorer&hl=en&gl=us,suspected,"The app shows multiple red flags: suspicious review patterns, a discrepancy in pricing, a generic privacy policy, and requests for excessive permissions unrelated to its stated functionality (BSC transaction viewing). These combined issues strongly suggest potential fraudulent behavior."
230,com.google.android.apps.nbu.paisa.merchant,https://play.google.com/store/apps/details?id=com.google.android.apps.nbu.paisa.merchant&hl=en&gl=us,suspected,"While the app's core functionality and developer legitimacy appear genuine, user reviews highlight issues with recent updates and potential incentivization. The request for precise location and microphone access, without clear justification, raises privacy concerns and potential misuse of data."
231,com.golden1team.goldenapp,https://play.google.com/store/apps/details?id=com.golden1team.goldenapp&hl=en&gl=us,suspected,"The app's claims of high accuracy and guaranteed profits, combined with suspicious review patterns and a potentially misleading description, raise significant concerns. The high in-app purchase prices for trading signals further increase suspicion. While the image and permissions analysis are genuine, the other factors outweigh them."
232,com.thewaya.waya,https://play.google.com/store/apps/details?id=com.thewaya.waya&hl=en&gl=us,fraud,"The app consistently promises unrealistically high returns (10% in 30 days, 3x-5x multibagger), a major red flag. Reviews show suspicious patterns and negative feedback. Unnecessary camera/microphone permissions raise privacy concerns. Image analysis shows misleading claims. Claims of SEBI registration need verification."
233,com.realbyteapps.moneya,https://play.google.com/store/apps/details?id=com.realbyteapps.moneya&hl=en&gl=us,suspected,"Multiple analyses raise concerns: mismatched image content, suspicious reviews, unnecessary SMS permissions, and the ability to modify USB storage. While the developer seems legitimate, the combined red flags suggest potential policy violations or hidden malicious behavior."
234,com.innopay.payment.user,https://play.google.com/store/apps/details?id=com.innopay.payment.user&hl=en&gl=us,suspected,"The app exhibits several concerning behaviors: incentivized reviews, excessive permissions (contacts, precise location, camera, microphone, storage) for a bill payment app. Although the app description aligns with its purpose, the permission requests raise privacy concerns and potential for data harvesting."
235,com.yamarkets.socialtrading,https://play.google.com/store/apps/details?id=com.yamarkets.socialtrading&hl=en&gl=us,suspected,"Multiple red flags: no reviews, missing developer website, promises of easy profits, and excessive storage permissions. These issues collectively suggest a high risk of fraudulent activity."
236,online.rtdapps.aadhaarjankariapp,https://play.google.com/store/apps/details?id=online.rtdapps.aadhaarjankariapp&hl=en&gl=us,suspected,"Mixed signals. Image and permission analysis are genuine. Review analysis is neutral. Developer and description analyses are suspicious due to misleading category, potential data handling concerns despite claims, and disclaimer of government affiliation while using official information. Requires further investigation."
237,com.moneymanager.app.pro,https://play.google.com/store/apps/details?id=com.moneymanager.app.pro&hl=en&gl=us,suspected,"Multiple analyses raise concerns: suspicious reviews, lack of a developer website, unusual contact permission request, and inconsistencies in pricing information. The generic Gmail address and lack of transparency increase suspicion despite the app's seemingly legitimate description."
238,com.cedge.apgbpositivepay,https://play.google.com/store/apps/details?id=com.cedge.apgbpositivepay&hl=en&gl=us,genuine,"All analyses indicate a legitimate app. Screenshots match the description, developer info aligns with a real bank, permissions are appropriate for the described functionality, and no fraudulent reviews were found. The app appears to be a genuine Positive Pay application."
